order_id,customer_id,order_status,order_delivered_customer_date,order_estimated_delivery_date,days_late
1b3190b2dfa9d789e1f14c05b647a14a,d306426abe5fca15e54b645e4462dc7b,delivered,2018-09-19 23:24:07,2018-03-15 00:00:00,189.0
ca07593549f1816d26a572e06dc1eab6,75683a92331068e2d281b11a7866ba44,delivered,2017-09-19 14:36:39,2017-03-22 00:00:00,181.6
47b40429ed8cce3aee9199792275433f,cb2caaaead400c97350c37a3fc536867,delivered,2018-07-13 20:51:31,2018-01-19 00:00:00,175.9
2fe324febf907e3ea3f2aa9650869fa5,65b14237885b3972ebec28c0f7dd2220,delivered,2017-09-19 17:00:07,2017-04-05 00:00:00,167.7
285ab9426d6982034523a855f55a885e,9cf2c3fa2632cee748e1a59ca9d09b21,delivered,2017-09-19 14:00:04,2017-04-06 00:00:00,166.6
440d0d17af552815d15a9e41abe49359,7815125148cfa1e8c7fee1ff7974f16c,delivered,2017-09-19 15:12:50,2017-04-07 00:00:00,165.6
c27815f7e3dd0b926b58552628481575,f85e9ec0719b16dc4dd0edd438793553,delivered,2017-09-19 17:14:25,2017-04-10 00:00:00,162.7
d24e8541128cea179a11a65176e0a96f,beeda72b31be3b8a38b5c2b77d7705c4,delivered,2017-12-04 18:36:29,2017-06-26 00:00:00,161.8
0f4519c5f1c541ddec9f21b3bddd533a,1a8a4a30dc296976717f44e7801fdeef,delivered,2017-09-19 14:38:21,2017-04-11 00:00:00,161.6
2d7561026d542c8dbd8f0daeadf67a43,8199345f57c6d1cbe9701f92481beb8d,delivered,2017-09-19 14:38:18,2017-04-13 00:00:00,159.6
2fb597c2f772eca01b1f5c561bf6cc7b,217906bc11a32c1e470eb7e08584894b,delivered,2017-09-19 14:33:17,2017-04-17 00:00:00,155.6
6e82dcfb5eada6283dba34f164e636f5,59b42de1617fdda0b327375d35efd708,delivered,2017-11-16 10:56:45,2017-06-14 00:00:00,155.5
dfe5f68118c2576143240b8d78e5940a,8f6ceed676a529b29619a598b377de08,delivered,2017-09-19 18:13:19,2017-04-19 00:00:00,153.8
ed8e9faf1b75f43ee027103957135663,14fcb7be0e0a5868f190e1cda895d6fa,delivered,2018-05-21 18:22:18,2017-12-19 00:00:00,153.8
2ba1366baecad3c3536f27546d129017,6852966131028b6696be63d0a1bd87ae,delivered,2017-08-28 16:23:46,2017-03-29 00:00:00,152.7
437222e3fd1b07396f1d9ba8c15fba59,9b39de85d94d55a21991e70b04305d6e,delivered,2017-09-19 16:28:58,2017-04-28 00:00:00,144.7
6e6527028de694ccade37f5a15a6d84a,a48d74b7c46f9ee06e4ca93cae7b598f,delivered,2018-05-10 00:06:20,2017-12-18 00:00:00,143.0
a452fba32eab28a4a62af18eed010c0b,5b316feca7e939c2199a4ee7223e2f51,delivered,2017-09-19 13:47:09,2017-05-04 00:00:00,138.6
3566eabb132f8d64741ae7b921bbd10e,bc34456d3b02a05a197c94f72ff6fde1,delivered,2017-09-19 15:07:09,2017-05-05 00:00:00,137.6
4fbc8d6f2f4db3e789d5a876fa349b56,bf391aa5a48fbaee55092f1993be3926,delivered,2018-07-20 23:37:50,2018-03-08 00:00:00,135.0
525e11b26fdb7f41471d289897d0f6da,8f36bba3eb0b719188eec69560d5d815,delivered,2017-09-19 14:58:10,2017-05-08 00:00:00,134.6
2fa29503f2ebd9f53deba187160f3202,5c42637f3e7e7c520282ae5c4faab832,delivered,2017-09-19 18:24:46,2017-05-10 00:00:00,132.8
df6d8b7768a047c2981bae0a24afbb01,2da8c3c9c24c362231c8724105c23404,delivered,2017-09-19 15:08:19,2017-05-10 00:00:00,132.6
cce224811ba8fea016c049693c3e0402,919dc37f94a27a8b5cac7fd53291afd4,delivered,2018-07-26 16:41:56,2018-03-22 00:00:00,126.7
031e7d4e559a1bf08e71a419aa998d0a,aedfc62ab52a3e4ea642220ccdec91ff,delivered,2017-09-19 16:23:52,2017-05-19 00:00:00,123.7
0b32bf55276b5feb681f6ed6fd670692,d6dd924c65c66ad52e7cf5983c18f800,delivered,2017-10-26 20:47:58,2017-06-27 00:00:00,121.9
3c98e4bedff26f850c4f9989b16c8ee7,a929dc93107a35a8f1e62177386711c6,delivered,2017-09-19 18:12:28,2017-05-23 00:00:00,119.8
4f39a94d6e474819d898d6df7d394996,27a410dccb395b6ce45963874d158352,delivered,2017-09-19 13:54:18,2017-05-30 00:00:00,112.6
815b68de0bc7fa6c117e4bcf855734ef,0d5ac8dc4bf26eead9e5262d9da7abbe,delivered,2017-09-19 16:49:30,2017-05-31 00:00:00,111.7
17cc6728043d53cc948551dfbf0a338b,dcfb92c7e6d519560090aeb5bfa03f0c,delivered,2018-04-16 23:26:51,2017-12-27 00:00:00,111.0
b31c7dea63bb08f8cdd1ec32514ccf0b,2a351c540a0cbdd0d9c266626f6d3acc,delivered,2018-02-05 21:25:43,2017-10-19 00:00:00,109.9
c5f43352377291361dad9a7366ae1c89,f9796700c0a1d4455471776293bbbc09,delivered,2018-04-06 21:52:36,2017-12-18 00:00:00,109.9
450cb96c63e1e5b49d34f223f67976d2,27ae7c8a8fc20ce80d96f01b6f19961b,delivered,2018-10-11 16:41:14,2018-06-27 00:00:00,106.7
103188b1afa4614c023b86344f79727b,3d7ded9f88ad6b06bc3f16ef0987fc54,delivered,2018-03-26 13:09:54,2017-12-11 00:00:00,105.5
c2a550cc5f966506b717532441c221e5,fc99aeadad12e8925f558305956a08aa,delivered,2018-05-23 20:56:25,2018-02-08 00:00:00,104.9
0b7b12a402b064d880d3cb31051f6d29,f4896997a6a8f1e3d089a04a44c39d71,delivered,2018-04-19 21:18:52,2018-01-05 00:00:00,104.9
28f12a3e5117f5e70bbdb45be9188639,71ae2df0198f8dab9a73978e46b63c6f,delivered,2017-09-19 16:38:49,2017-06-07 00:00:00,104.7
a6a6c002fd9f0e9eb0c0148448cf8863,355b5f09816035f6001cbeda7beb04ed,delivered,2018-06-13 15:57:49,2018-03-01 00:00:00,104.7
e7fc47a9bd5fd8c1d1b566d1553be0f4,de933a935e7c75c60cf44b12e0972268,delivered,2017-09-19 13:38:16,2017-06-07 00:00:00,104.6
da81fbc27b55e0f3d2813cf2078dc780,9cb739dc712ebd193e4eb94f3aeb8d20,delivered,2018-03-21 00:18:54,2017-12-11 00:00:00,100.0
5fc65d39393a0107a062195fdc96ad34,b738e54deb887952988fe0b9e7bae515,delivered,2017-12-18 23:19:20,2017-09-12 00:00:00,98.0
d8dbb44d7c5b1fd8e7f41b49e27053d7,4fdbaab85bcb2657b6b6c9fea1b0ccb6,delivered,2018-08-20 17:14:55,2018-05-16 00:00:00,96.7
773f048245dc975a5f7c67c2415c88a0,1ad8bdb3f2f3403ef79ad8d80dc8d425,delivered,2018-05-30 16:56:49,2018-02-23 00:00:00,96.7
7e708aed151d6a8601ce8f2eaa712bf4,033fab69968b0d69099d64423831a236,delivered,2018-10-17 13:22:46,2018-07-13 00:00:00,96.6
b7624f6b70f7b79ea2b092b6f1be678c,a6b19a21cdce23baec63e5e6a0ff8288,delivered,2017-06-14 14:42:22,2017-03-10 00:00:00,96.6
29c3b79aace1b72a82b1232bf494e16f,9225e82d7b09bfc606f1849de9300050,delivered,2018-04-28 15:51:50,2018-01-24 00:00:00,94.7
8b7fd198ad184563c231653673e75a7f,3eddc75fe2314996f68ddcd89ddb5caf,delivered,2018-02-27 18:05:08,2017-11-28 00:00:00,91.8
e7b87b156cde9f1d3a765da80d093d6a,e94ab025529a46247f058102c92b3627,delivered,2018-02-09 14:19:09,2017-11-13 00:00:00,88.6
6e3a1f3ec46461756c3f620e267aa1b8,84ff1c605abdcecfd44ff1a0a9f0bb77,delivered,2018-03-07 20:09:25,2017-12-12 00:00:00,85.8
357f2ad2d9ea3e63b225cfee8ad3b2a1,7113efb0ff417de3c22fc3dec35f5b3c,delivered,2018-04-19 13:52:37,2018-01-26 00:00:00,83.6
79366f316d691e60b576d0a9b45b4ba6,3c5ec3e2918028d4e3d956be876ba89b,delivered,2017-09-19 14:57:53,2017-06-29 00:00:00,82.6
094a83226235244840060fafa394845d,4cfaeb298b91a9fe95a03dfda1afa390,delivered,2018-04-03 18:47:29,2018-01-12 00:00:00,81.8
160d1364f477494647a995f6bbec0b5f,f03f14db3b18bbe32c48602f3adcd811,delivered,2018-07-27 15:16:57,2018-05-07 00:00:00,81.6
97f48024fcc76f1898e397ad6966e3a0,66d376416dfbdcb87ddc1f2384d343ba,delivered,2018-03-16 13:58:10,2017-12-26 00:00:00,80.6
3b919fbc512d96f81330d2aae3ed0cf6,30b441b38d5a5d35013a37dcf4b37f58,delivered,2018-08-01 22:15:02,2018-05-14 00:00:00,79.9
4a580bca631a940ffc9e25c96da01773,dbd8419d89e2d12f79322167e68e6225,delivered,2017-11-09 18:08:54,2017-08-23 00:00:00,78.8
e52c9dfec957c503bed5d050a39c740f,8b8cd016c44d0a90a6523a2a52cf4369,delivered,2018-03-27 01:57:14,2018-01-08 00:00:00,78.1
f83bab059faa2a4560be63dad351763a,1b4521b13c7a4e9ced82aa5192725da3,delivered,2018-04-19 14:32:49,2018-02-01 00:00:00,77.6
b02f16483f20ca4c7d1d5b147eca4c79,8fbb6b597798c39667b1c353bac76098,delivered,2017-07-03 14:32:56,2017-04-17 00:00:00,77.6
e2af4ae300d48b96b78846e01a26c034,2b1d9712b1f02598be78af6b46a741d6,delivered,2018-06-18 17:38:55,2018-04-03 00:00:00,76.7
2f71a7d28c0418b03cd08aed6b0a4400,28ddcf325dffd061e80200e467d361b2,delivered,2018-07-11 15:06:43,2018-04-27 00:00:00,75.6
4dc5a389009b6cb5c61706d49f229a39,40ee2dbf97c0215d7c853f0f19b8d75c,delivered,2018-05-28 21:47:43,2018-03-15 00:00:00,74.9
00d1289d5125017a90e528b5a7cee91f,ba0ff1667f88b3a0da55d80dff50b0fb,delivered,2018-06-19 18:42:26,2018-04-06 00:00:00,74.8
a4efaffc506a395c9cea7402b078c1e5,2020559b0ae9910898ef57a8159533ab,delivered,2018-05-07 19:25:33,2018-02-23 00:00:00,73.8
d1f789756b59a9fb40b3becadeac90e4,fe9aa4a491ad6ee6219838c567fa3221,delivered,2018-02-23 00:16:50,2017-12-12 00:00:00,73.0
489191dca3848c2c6ddbf667d4935fc3,36a7fa9b72bfadd847f369c2e58ea92c,delivered,2018-04-19 20:16:48,2018-02-06 00:00:00,72.8
77f1ce3b8d86fff49b9c811f00f4dc13,7df771c7ffd3c5162105a5255e625d8a,delivered,2018-05-30 23:50:44,2018-03-21 00:00:00,71.0
2e56f943f231f5fe108f43fb370b0ed6,66b9bc2d53ea09b027966337424fa0c7,delivered,2017-05-25 07:14:44,2017-03-16 00:00:00,70.3
a622cb9542d08e3004c1a9a33a7cd859,33d00aa51f5de88a67154c4600ad5c93,delivered,2017-09-19 16:02:30,2017-07-12 00:00:00,69.7
891331814ee1cbcb8f77a53b2b136099,8f64da415df0a6866db60da16526f3ad,delivered,2018-05-23 22:04:43,2018-03-16 00:00:00,68.9
201ebbf7634b25abd400f84d519cf297,a6e1d325e2d80b387efb2a91ae78568b,delivered,2017-09-19 14:02:52,2017-07-13 00:00:00,68.6
38bfa8770aab7482945c44803221107e,edd55d7e669dba5281d989b6e1c60cad,delivered,2018-04-16 12:40:54,2018-02-08 00:00:00,67.5
739e19153280cbc1a87c1a84be1ec4f6,d68fbba69b64a9930c8030189256149b,delivered,2018-05-07 17:22:47,2018-03-02 00:00:00,66.7
c679466a1ba6a8bdedcb2396f9e1dcbd,d27cc8323ccff05b970998013b39e597,delivered,2018-05-21 12:18:22,2018-03-16 00:00:00,66.5
633f4fc75774571fccaef584dfce5a7b,341d1d77e807609cda6bb8c3f7cc1352,delivered,2017-12-23 20:07:03,2017-10-19 00:00:00,65.8
af95d7a4f9643401325ec89b4f7f8afe,f4148260a4a09bd6d25af93188d106d7,delivered,2017-08-17 17:47:41,2017-06-13 00:00:00,65.7
d3aa5667ad65af7fa58a5481d0aff07a,3f5939e06e89efd9e9ca8ef3ab9d68c7,delivered,2017-05-12 13:43:02,2017-03-08 00:00:00,65.6
f390346ecbf61a6b81b92017a7410df1,3e4e70d528e3a7562a3b500d1232eee3,delivered,2018-01-26 12:51:50,2017-11-24 00:00:00,63.5
607a624a0fb32899edc4e3f9c9b24189,8985819d4414a7471d5be1dac2f08233,delivered,2017-09-04 11:10:58,2017-07-03 00:00:00,63.5
fd4db108a62ede2be6aa8ef940b04fee,9e7d7aac45876ccdebb580ef0854d5d2,delivered,2018-06-01 17:02:26,2018-04-02 00:00:00,60.7
ca759ab8f22c84329b8dbcb5192ef923,fed6164eb076a32849ac5d4d3cf14480,delivered,2018-02-16 17:58:57,2017-12-18 00:00:00,60.7
0096668e5b0b8e9657a6f7209a4e58b4,b6fbaad4eb3a0794111683dca8122610,delivered,2018-09-17 14:42:46,2018-07-19 00:00:00,60.6
3602a80b09d914236f74c733631f3b8b,367000b9bd508db790e048df2f6d6af9,delivered,2018-05-18 11:06:52,2018-03-19 00:00:00,60.5
2c9ef60013a5ee6a831360e3d98c9c0d,b650ca1298e7cc383a35fced87af148a,delivered,2017-11-24 11:45:32,2017-09-25 00:00:00,60.5
416536d8c07c9cfd3cb14e229ec424a5,a2597633321517c172f7c85e1402a394,delivered,2018-06-01 20:56:18,2018-04-03 00:00:00,59.9
7797e37c568b84182c813b9b2492b384,0411ba9ee6c7697c60b2e05345557958,delivered,2018-09-12 15:51:39,2018-07-16 00:00:00,58.7
c0a44fead1bf940766c68e73c9224dd2,e40c5dc891386a1b077b5fbf99505e71,delivered,2017-10-14 13:33:12,2017-08-17 00:00:00,58.6
c632f9a8a1b942e306b0335429bdb142,552d0e5a44018a46a380e34ab1ddb6ba,delivered,2018-06-09 14:49:53,2018-04-12 00:00:00,58.6
a81c8b86774acbd8736ec06f26772f41,29df9d84d5c2c55f18ca5afe1701f031,delivered,2018-08-17 11:54:45,2018-06-20 00:00:00,58.5
ce3306b493edca02b65cedf9da8f0f7d,0cf80359c4d104530c6c2274d2263ac9,delivered,2018-07-26 19:17:33,2018-05-30 00:00:00,57.8
c60c1ff560443153d7f50771e5fe9b92,a2dec8f3303859110de7fa39ea593b45,delivered,2018-05-11 16:45:21,2018-03-15 00:00:00,57.7
88c73414c84d0729fdfc26ad5442963e,4ff6cf227ad4c418dab2aab38d9022f4,delivered,2018-05-24 22:22:27,2018-03-29 00:00:00,56.9
3777a556763eb6cb59f7dd14e90c4ab7,c9c550b5ce68ef3d34833fe0641894d8,delivered,2018-05-14 22:19:03,2018-03-19 00:00:00,56.9
b5b7c54093bad4e0d745214e691224d7,5d9133508692eb6ed9d655448a746169,delivered,2018-04-19 17:34:39,2018-02-22 00:00:00,56.7
9e5a1beaee5b0847c3254738fe668243,cdae1aa477b74c82203974ef56a06604,delivered,2018-05-04 05:12:09,2018-03-09 00:00:00,56.2
7e8641c6ba8f77235152dd1c3356f814,307cb7e9453a86b2550537938d86e177,delivered,2018-05-15 20:58:28,2018-03-21 00:00:00,55.9
cd63595a31d3717ff7ea9a0b041104a9,88427d6cb0325a6da3f9a0201a17338c,delivered,2017-04-26 15:36:21,2017-03-02 00:00:00,55.7
8e25d7ae5953ee779b0bb0a71e434b4c,cebc1cff5b31ee0ce570b98626a89dc9,delivered,2018-05-14 17:31:47,2018-03-20 00:00:00,55.7
69c7a1e070c1759e15f7a5fd24c36e5b,6cbc69ef01df8d34bd134c6d828c1e53,delivered,2017-05-29 09:42:44,2017-04-04 00:00:00,55.4
68619ce8e1d093c01359eb9d2dd22120,1624a92e97ae6aafabdeeab06b599460,delivered,2018-04-03 19:36:57,2018-02-08 00:00:00,54.8
